<?xml version="1.0" encoding="UTF-8"?>
<project-private xmlns="http://www.netbeans.org/ns/project-private/1">
    <editor-bookmarks xmlns="http://www.netbeans.org/ns/editor-bookmarks/2" lastBookmarkId="0"/>
    <open-files xmlns="http://www.netbeans.org/ns/projectui-open-files/2">
        <group>
            <file>file:/C:/Users/Alumno/Documents/NetBeansProjects/CompañiaAgricola/src/compañiaagricola/CongeladoXagua.java</file>
            <file>file:/C:/Users/Alumno/Documents/NetBeansProjects/CompañiaAgricola/src/compañiaagricola/ProductoCongelado.java</file>
            <file>file:/C:/Users/Alumno/Documents/NetBeansProjects/CompañiaAgricola/src/compañiaagricola/Producto.java</file>
            <file>file:/C:/Users/Alumno/Documents/NetBeansProjects/CompañiaAgricola/src/compañiaagricola/CompañiaAgricola.java</file>
            <file>file:/C:/Users/Alumno/Documents/NetBeansProjects/CompañiaAgricola/src/compañiaagricola/CongeladoXaire.java</file>
            <file>file:/C:/Users/Alumno/Documents/NetBeansProjects/CompañiaAgricola/src/compañiaagricola/Prueba.java</file>
            <file>file:/C:/Users/Alumno/Documents/NetBeansProjects/CompañiaAgricola/src/compañiaagricola/ProductoFresco.java</file>
            <file>file:/C:/Users/Alumno/Documents/NetBeansProjects/CompañiaAgricola/src/compañiaagricola/ProductoRefrigerado.java</file>
            <file>file:/C:/Users/Alumno/Documents/NetBeansProjects/CompañiaAgricola/src/compañiaagricola/CongeladoXnitro.java</file>
        </group>
    </open-files>
</project-private>
